{
  "categorical": {
    "gender": {
      "counts": {
        "Female": 0.58552,
        "Male": 0.4143,
        "Other": 0.00018
      }
    },
    "smoking_history": {
      "counts": {
        "No Info": 0.35816,
        "current": 0.09286,
        "ever": 0.04004,
        "former": 0.09352,
        "never": 0.35095,
        "not current": 0.06447
      }
    }
  },
  "generated_at": "2026-05-01T19:11:55.934232+00:00",
  "numeric": {
    "HbA1c_level": {
      "bins": [
        3.5,
        4.0,
        4.5,
        4.8,
        5.7,
        5.8,
        6.0,
        6.1,
        6.5,
        6.6,
        9.0
      ],
      "counts": [
        0.07662,
        0.07542,
        0.07585,
        0.15068,
        0.08413,
        0.08321,
        0.08295,
        0.16317,
        0.08362,
        0.12435
      ],
      "mean": 5.527507,
      "std": 1.0706667385097008
    },
    "age": {
      "bins": [
        0.08,
        10.0,
        20.0,
        28.0,
        36.0,
        43.0,
        49.0,
        56.0,
        63.0,
        73.0,
        80.0
      ],
      "counts": [
        0.09762,
        0.09906,
        0.10031,
        0.10289,
        0.09578,
        0.08975,
        0.10701,
        0.10003,
        0.1006,
        0.10695
      ],
      "mean": 41.885856,
      "std": 22.516727287136202
    },
    "blood_glucose_level": {
      "bins": [
        80.0,
        85.0,
        90.0,
        126.0,
        130.0,
        140.0,
        155.0,
        158.0,
        159.0,
        200.0,
        300.0
      ],
      "counts": [
        0.07106,
        0.06901,
        0.14137,
        0.07702,
        0.07794,
        0.15411,
        0.07575,
        0.07026,
        0.15471,
        0.10877
      ],
      "mean": 138.05806,
      "std": 40.707932507515046
    },
    "bmi": {
      "bins": [
        10.01,
        19.18,
        22.39,
        24.82,
        27.13,
        27.32,
        28.23,
        31.07,
        35.47,
        95.69
      ],
      "counts": [
        0.09996,
        0.09994,
        0.1,
        0.09997,
        0.0075,
        0.29251,
        0.10008,
        0.10001,
        0.10003
      ],
      "mean": 27.3207671,
      "std": 6.636750232648325
    },
    "heart_disease": {
      "bins": [
        0.0,
        1.0
      ],
      "counts": [
        1.0
      ],
      "mean": 0.03942,
      "std": 0.19459204403058208
    },
    "hypertension": {
      "bins": [
        0.0,
        1.0
      ],
      "counts": [
        1.0
      ],
      "mean": 0.07485,
      "std": 0.2631491544732759
    }
  },
  "rows": 100000
}